taxonomy_row,requirement_id,requirement_name,subrequirement_id,subrequirement_name,definition,inputs,outputs,boundary,source_work_object
2,req_001,文献调研,sub_002,制定文献调研协议,规定文献调研的范围、来源、筛选标准、质量标准、证据字段和停止条件。,初始研究问题、调研目标、范围约束、可用来源、资源与质量要求,可执行的文献调研协议；验收要点：明确检索范围、纳入排除标准、质量标准、提取字段、冲突处理规则和停止条件。,不实际检索、筛选或评价文献，不定义最终研究问题。,研究方案
3,req_001,文献调研,sub_003,设计文献检索策略,将调研目标转换为数据库、关键词、同义词、查询式、时间范围和补充追溯路径。,文献调研协议、研究问题、核心概念、来源能力和查询限制,可执行且可复核的检索策略；验收要点：记录来源、查询式、过滤条件、时间范围、追溯方式和调整规则。,不执行检索，不判断检索结果是否应被纳入。,研究方案
4,req_001,文献调研,sub_004,检索相关文献,使用明确的检索条件找到与研究问题相关的可访问文献。,检索目标、检索范围、查询条件和允许使用的来源,候选外部证据清单，以及每项候选的位置、标识和来源记录；验收要点：文献真实存在、元数据可核验，并满足给定主题、时间或来源条件。,不评价或推荐文献。,文献与外部证据
5,req_001,文献调研,sub_005,追溯关联文献,根据已知文献的引用、被引、作者或主题关系发现补充候选文献。,种子文献、追溯方向、关联条件、允许来源和停止条件,关联候选文献清单及其与种子文献的关系记录；验收要点：每项候选均保留发现路径、文献标识和来源。,不判断关联文献是否最终纳入，不替代预定的系统检索。,文献与外部证据
6,req_001,文献调研,sub_006,核验文献引用信息,核对作者、题名、年份、出版来源和标识符等引用元数据。,待核验引用信息、文献标识、核验标准、目标范围和可信元数据来源,引用信息的成立判断、差异清单和可追溯证据；验收要点：引用信息与出版方或可信索引记录一致，文献标识符可解析。,不评价文献内容质量。,文献与外部证据
7,req_001,文献调研,sub_007,分类文献,按照问题、方法、数据、场景或证据类型等明确维度组织已纳入文献。,已纳入文献、分类目的、分类维度和分类规则,文献分类结果、多标签关系和无法分类项；验收要点：每项分类均可由规则解释，分类结果保留文献标识。,不评价类别优劣，不由分类结果直接推导研究结论。,文献与外部证据
8,req_001,文献调研,sub_008,选择核心文献,根据相关性、质量、代表性和证据直接性，从已纳入文献中确定优先分析的核心文献。,已纳入文献、文献质量结果、相关性标准、代表性标准和选择目的,核心文献清单、优先级和选择依据；验收要点：每项选择均引用明确标准，并保留非核心文献状态。,不把非核心文献视为无效文献，不决定本研究最终选择哪个研究空白。,文献与外部证据
9,req_001,文献调研,sub_009,提取文献要点,从单篇文献中提取与研究问题相关的方法、设置、结果和限制。,可读取的文献全文、关注问题和提取范围,带原文位置的方法、设置、结果和限制要点；验收要点：每项要点能够回溯到页码、章节、图表或段落。,只处理单项来源，不综合多篇文献也不判断真实性。,文献与外部证据
10,req_001,文献调研,sub_010,核验文献内容,回到文献原文核对其研究结论和实验设置是否被准确转述。,待核验命题、核验标准、目标范围和可追溯证据,关于外部证据命题的成立判断、差异清单和可追溯证据；验收要点：被核验表述有原文位置，且结论方向、条件和实验设置与原文一致。,不检查参考文献格式。,文献与外部证据
11,req_001,文献调研,sub_011,评估文献质量,依据来源、研究设计、样本、方法和证据完整性评估文献质量。,文献全文、质量评估标准和来源元数据,文献质量等级或分项判断、依据和主要限制；验收要点：判断覆盖来源、设计、样本、方法、偏倚风险和证据完整性。,不核对单个转述是否与原文一致，不综合多来源结论。,文献与外部证据
12,req_001,文献调研,sub_012,建立证据追溯关系,建立文献主张、提取记录、来源文献和原文位置之间的可追溯映射。,文献标识、提取记录、外部主张、原文位置和引用规则,证据追溯表以及缺失、断链和冲突记录；验收要点：每项综合证据均能定位到具体来源和原文位置。,不生成新的实质性研究结论，不替代文献内容核验。,文献与外部证据
13,req_001,文献调研,sub_013,综合外部证据,比较多篇文献的问题、方法和结论，形成有来源支持的综合认识。,多个来源或结果、共同问题、来源质量和冲突处理规则,区分一致、冲突和证据不足的外部证据综合结论及来源关系；验收要点：综合结论至少关联两项独立来源，并区分一致、冲突和证据不足之处。,不负责提出新的研究空白。,文献与外部证据
14,req_001,文献调研,sub_014,识别研究空白,基于已综合的文献证据，指出尚未解决、验证不足或条件覆盖不足的问题。,已综合的外部证据、空白识别标准、覆盖维度、目标范围和必要上下文,研究空白、现有覆盖边界、影响范围及判断证据；验收要点：每项空白均能回溯到明确覆盖边界、证据不足或相互矛盾的证据。,不将一般差异、低关注度或单纯缺少关键词直接视为空白，不决定本研究选择哪个空白。,科学问题
15,req_001,文献调研,sub_015,修订研究问题,依据澄清结果和研究证据调整研究问题的范围、对象或措辞，同时保持研究意图可追踪。,已有研究问题、文献调研结论、变更请求、影响范围和保持条件,满足变更要求且未破坏保持条件的新版研究问题；验收要点：修订前后差异明确，修订后的问题可研究且未引入未经确认的新目标。,仅依据调研证据提出或实施问题修订，不包含回答问题的具体方法和实施步骤。,科学问题
16,req_001,文献调研,sub_016,综合候选研究方法,围绕研究问题收集当前可用的方法及其适用条件，形成候选方法集合。,多个来源或结果、共同问题、来源质量和冲突处理规则,候选研究方法集合、来源关系、适用条件、时效和主要限制；验收要点：候选方法可追溯到有效来源，并区分一致、冲突和证据不足之处。,不做最终选型。,研究方案
17,req_001,文献调研,sub_017,评估方法适用性,根据研究问题、数据、资源和方法假设，评估单个候选方法在当前研究中的适用性。,候选方法、研究问题、数据条件、资源约束、方法假设和已有证据,适用、条件适用或不适用的判断，以及成立条件、证据和限制；验收要点：判断逐项对应已知数据、资源和方法前提。,不从多个候选中作出最终选择，不核验实验流程。,研究方案
18,req_001,文献调研,sub_018,选择研究方法,依据研究目标、数据、资源和约束，从已调研的候选方法中确定适用方法。,候选研究方法、选择标准、硬约束、适用性评价和比较证据,被选研究方法、选择理由、证据和未选项关键差异；验收要点：选择结论明确引用比较标准，且被选方法满足已知硬约束。,不负责后续代码实现、实验设计或运行。,研究方案
19,req_001,文献调研,sub_019,撰写文献调研报告,将调研协议、检索过程、文献证据、综合结论、研究空白和限制组织为可审阅文档。,文献调研协议、检索记录、证据追溯表、综合结论、研究空白和目标受众,结构完整、引用可追溯的文献调研报告；验收要点：报告说明检索与筛选方法，并区分证据一致、冲突、不足和调研限制。,不新增无证据支持的主张，不替代问题定义文档或完整论文写作。,文献与外部证据
20,req_002,问题定义,sub_020,澄清研究意图,将含混的研究想法转换为目的、对象、期望知识增量和成果用途明确的研究意图。,初始研究想法、研究背景、项目目标、提出者诉求和已有约束,澄清后的研究意图、目标知识、成果用途和待确认事项；验收要点：明确研究什么、为什么研究以及结果用于什么。,不检索或综合文献，不生成具体研究方法、实验步骤或项目计划。,科学问题
21,req_002,问题定义,sub_021,生成候选研究问题,根据研究意图、已有证据和研究空白，生成多个边界可说明且能够被研究的问题表述。,研究意图、研究空白、已有证据、研究对象、范围和项目约束,候选研究问题及各自关注点、适用范围和主要差异；验收要点：每项问题均明确对象、目标现象或关系，且不包含实施步骤。,不直接确定最终问题，不把研究方法或实验步骤写入问题。,科学问题
22,req_002,问题定义,sub_022,分解研究问题,将复杂研究问题拆分为研究对象、目标现象、关系、条件和必要子问题。,候选研究问题、研究意图、研究范围和分解规则,核心问题、子问题、组成要素和依赖关系；验收要点：子问题共同覆盖核心问题，且不重复、不遗漏关键关系。,不把项目任务、方法步骤或实验步骤当作研究子问题。,科学问题
23,req_002,问题定义,sub_023,定义核心概念,明确研究问题中关键概念和术语的含义、判定特征及适用边界。,研究问题、核心术语、理论依据、已有定义和使用语境,概念名称、定义、必要特征、正例、反例及近邻概念差异；验收要点：能够依据定义判断具体对象是否属于该概念。,不定义具体测量变量，不在不同位置使用相互冲突的定义。,科学问题
24,req_002,问题定义,sub_024,定义研究变量,明确自变量、因变量、控制变量及其操作化方式。,研究问题、研究假设、核心概念、使用目的、已有依据和约束,具有名称、角色、含义、边界、取值或测量规则的研究变量定义；验收要点：每个变量具有名称、取值或测量方式，并与研究假设对应。,不选择评价指标，不采集数据，不设计完整实验方案。,科学问题
25,req_002,问题定义,sub_025,识别问题前提,识别研究问题成立所依赖但尚未明确表达或验证的事实、因果、测量和适用性前提。,研究问题、变量定义、问题背景、已有证据和适用范围,问题前提、前提类型、依赖该前提的主张及前提失效影响；验收要点：明确区分已有证据支持、待验证和无法确认的前提。,不将隐含前提自动视为事实，不替代后续证据核验。,科学问题
26,req_002,问题定义,sub_026,提出研究假设,将研究目标表述为能够通过观察或实验支持或反驳的假设。,研究问题、理论或经验依据、研究变量、适用范围和内容约束,研究假设及其依据；验收要点：假设包含研究对象、可观察变量、预期关系、成立条件和可判定的反证条件。,探索性研究可不提出方向性假设；不负责设计具体实验。,科学问题
27,req_002,问题定义,sub_027,评估研究重要性,依据理论价值、现实影响、问题规模、受影响范围和解决必要性评价研究问题的重要程度。,候选研究问题、重要性标准、影响证据、受影响对象和参照问题,重要性等级或分项判断、依据、影响范围和主要限制；验收要点：理论价值与现实价值分别说明并可追溯到证据。,不把流行度、引用量或主观兴趣直接等同于重要性，不评价研究创新性。,科学问题
28,req_002,问题定义,sub_028,评估研究创新性,将研究想法与最相关已有工作比较，判断问题、方法或预期贡献的新颖程度。,待评估的研究问题、预期贡献、创新性标准、最近邻工作和比较证据,创新性等级或分项判断、最近邻工作、实质差异、公开先例和证据；验收要点：明确差异是否实质以及是否已有公开先例。,不负责检索和综合最近邻文献，不将表面措辞或参数差异直接视为创新，不预测投稿结果。,科学问题
29,req_002,问题定义,sub_029,评估研究可行性,根据现有证据、数据、方法、资源和时间约束，评估研究问题在当前条件下是否可解。,研究问题、已有证据、数据可用性、候选方法、资源、权限和时间约束,可行、条件可行或不可行的判断，以及成立条件、主要阻碍和关键未知项；验收要点：分别覆盖数据、方法、资源、时间和权限条件。,不评价问题的创新价值，不代替具体方法选择、实验设计或资源估算。,科学问题
30,req_002,问题定义,sub_030,识别研究伦理风险,识别研究对象、实验过程和成果使用中适用的伦理要求与风险。,研究问题、研究对象、数据来源、预期实验流程、成果用途和适用伦理规范,适用伦理要求、待审批事项、风险场景、风险等级及其依据；验收要点：风险能够对应到具体研究活动和适用规范。,不核验数据许可证，不执行数据脱敏、知情同意、伦理审批或风险处置流程。,科学问题
31,req_002,问题定义,sub_031,识别研究约束,识别研究问题必须满足的数据、资源、时间、权限、伦理、技术和组织约束。,研究问题、项目目标、历史决策、数据条件、资源条件、权限和时间要求,硬约束、软约束、约束来源、影响范围和待确认事项；验收要点：每项硬约束均能映射到受影响的问题要素。,不进行详细资源估算、任务排期、资源分配或风险处置。,科学问题
32,req_002,问题定义,sub_032,撰写问题定义文档,将研究意图、问题、概念、变量、假设、重要性、创新性、可行性和约束组织成可审阅文档。,已确认的问题定义要素、评价结果、证据依据、约束和目标受众,结构完整、边界明确、证据可追溯的问题定义文档；验收要点：问题、概念、变量、假设和评价结论之间不存在未说明的断链。,不扩写为完整研究方案、实验设计或项目实施计划，不增加无证据支持的主张。,科学问题
33,req_003,资源估算,sub_033,识别资源需求项,从研究方法、数据流程和实验设计中识别需要的计算、数据、人员、时间和外部服务资源。,研究方案、研究方法、数据流程、实验设计、交付要求和估算范围,资源需求项、对应任务、消耗方式和计量单位；验收要点：每个方案任务均能映射到必要资源，资源类别不重不漏。,不估算具体数量、费用，不分配或采购资源。,研究方案
34,req_003,资源估算,sub_034,获取资源估算基线,获取历史实验、公开基准、硬件性能、服务价格和已有配额等估算依据。,待估任务、允许来源、历史记录、硬件或服务候选和基准筛选条件,可追溯的性能、用量、价格和配额基线；验收要点：记录来源时间、适用配置、计量单位和与当前任务的差异。,不直接将不同条件下的历史结果套用于当前任务，不执行性能测试或采购。,文献与外部证据
35,req_003,资源估算,sub_035,估算数据资源需求和成本,估算研究所需数据量、采集量、标注量、处理量、存储量、备份量、传输量及相应费用。,样本量、单样本大小、数据格式、处理阶段、版本数量、备份策略、保留周期、采集与标注规则及单价,数据数量、容量、处理与传输规模、分项成本、参数假设和不确定区间；验收要点：区分原始、中间和最终数据，费用可由用量和单价复算。,不采集、标注或处理数据，不核验数据质量与许可证，不购买数据服务。,研究方案
36,req_003,资源估算,sub_036,估算计算资源需求和成本,根据数据规模、模型、实验数量、性能基线和计费规则估算算力、显存、内存、存储、运行时长及计算费用。,数据规模、模型规模、实验数量、重复次数、硬件性能基线、并行假设、资源单价和不确定性要求,计算资源规格、数量、使用时长、容量约束、分项成本、参数假设和不确定区间；验收要点：需求可由工作负载复算，成本可由资源数量、时长和单价复算。,不分配、采购或配置计算资源，不执行基准测试和实验运行。,研究方案
37,req_003,资源估算,sub_037,估算外部服务需求和成本,估算研究所需API、数据库、云平台、标注、仪器、咨询或其他外部服务的用量与费用。,研究任务、服务接口、调用或使用规则、任务规模、服务限制、计费单位和单价,服务类型、调用量或使用时长、容量与配额要求、分项成本、假设和不确定区间；验收要点：费用能够由预计用量和计费规则复算。,不选择供应商，不购买、开通或调用外部服务。,研究方案
38,req_003,资源估算,sub_038,估算人员投入和工时,根据研究任务、角色要求、任务复杂度和生产率基线估算所需角色、人数和工时。,研究任务、角色能力要求、工作量、历史生产率、并行条件和不确定性要求,角色类别、人员数量、人员工时、投入时段、参数假设和不确定区间；验收要点：每项工时能够映射到具体研究任务和角色。,不指定具体人员，不进行招聘、薪酬决定、绩效评价或任务分配。,研究方案
39,req_003,资源估算,sub_039,识别资源瓶颈,根据各类资源需求和可用上限识别最可能限制研究规模、速度或完成条件的资源。,数据、计算、服务、人员和时间估算，可用资源、配额、预算与容量上限,关键资源瓶颈、影响任务、触发条件、敏感参数和影响范围；验收要点：每项瓶颈均能回溯到需求与供给之间的具体差距。,不负责解决瓶颈，不修改研究方案，不调度或采购资源。,研究方案
40,req_003,资源估算,sub_040,估算研究周期,根据工作量、资源并行度、任务等待时间和必要前后关系估算完成周期。,研究任务、工作负载、资源可用性、必要依赖、并行限制、等待时间和不确定性要求,总周期、分阶段时长、关键时间约束、参数假设和不确定区间；验收要点：周期可由工作量、并行度、依赖和等待时间复算。,只估计时间，不生成详细任务排期、负责人安排或实施步骤。,研究方案
41,req_003,资源估算,sub_041,比较资源方案,在统一工作负载和约束下比较不同硬件、运行模式、研究规模或外部服务组合的资源、周期和成本差异。,候选资源方案、统一工作负载、比较指标、资源估算、周期估算和硬约束,各方案的资源需求、周期、成本、风险和关键差异；验收要点：所有方案使用一致口径，明确不可比项和适用条件。,不作采购、分配、供应商选择或最终资源配置决策。,研究方案
42,req_003,资源估算,sub_042,撰写资源估算报告,将估算范围、依据、参数、分项需求、成本、周期、瓶颈和不确定性组织为可审阅文档。,资源需求识别结果、估算基线、分项估算、比较结果、参数来源和目标受众,可复算、可追溯的资源估算报告；验收要点：每项结果说明公式或推断方法、参数来源、适用范围和不确定区间。,不扩展为采购方案、资源分配方案或完整项目实施计划。,研究方案
43,req_003,资源估算,sub_043,规划研究实施,将研究目标分解为具有先后依赖和交付物的实施步骤。,研究目标、已确定的研究方案、资源估算、可用资源、约束、依赖和完成条件,包含步骤、依赖、资源、顺序和完成条件的行动计划；验收要点：每一步具有输入、输出、依赖和完成条件，顺序不存在未满足的前置条件。,不负责运行步骤，不执行资源采购、分配或实验调度。,研究方案
44,req_004,实验设计,sub_044,明确实验设计目标,将研究问题和假设转换为实验需要验证、比较或估计的具体目标。,研究问题、研究假设、预期贡献、研究方法和约束,实验目标、目标命题、必要证据和成功判定方向；验收要点：每个目标能够回溯到研究问题或假设。,不重新定义研究问题，不选择具体方法实现，不运行实验。,研究方案
45,req_004,实验设计,sub_045,定义实验对象与分析单位,规定实际进入实验的对象、单位、层级及观察粒度。,研究对象、研究范围、实验目标、数据结构和纳入排除条件,实验对象、实验单位、观察单位、分析单位及层级关系；验收要点：各单位定义明确，统计分析层级与实验分配层级的关系可追溯。,不选择具体样本，不估算样本量，不执行抽样。,研究方案
46,req_004,实验设计,sub_046,操作化实验变量,将研究变量转换为可施加、观察、记录或计算的实验变量。,研究变量、实验对象、测量条件、实验目标和方法约束,实验变量的角色、操作方式、测量规则、取值、单位和适用条件；验收要点：每个变量均可在流程中被施加、观察或记录。,不执行变量处理，不采集数据，不实现测量代码。,研究方案
47,req_004,实验设计,sub_047,设计随机化方案,规定样本分配、处理顺序、任务顺序或运行顺序的随机化方法和约束。,实验单位、处理条件、分层因素、平衡要求、偏倚风险和复现要求,随机化单位、方法、约束、种子管理原则和平衡检查规则；验收要点：随机化能够降低目标偏倚且不破坏必要分层或配对关系。,不执行随机分配，不生成具体实验运行实例。,研究方案
48,req_004,实验设计,sub_048,设计实验对照,为目标实验选择能够隔离关键因素的对照条件和比较组。,设计目标、处理因素、理论或实践依据、潜在混杂、约束和验收要求,包含实验组、对照组、计划差异、保持不变项和比较条件的对照设计规格；验收要点：每个对照组与实验组只在计划比较的关键因素上存在明确差异。,不设计消融模块集合，不执行对照实验。,研究方案
49,req_004,实验设计,sub_049,设计消融实验,针对方法组件或机制设计移除、替换或关闭条件，以检验其独立贡献。,待验证方法、组件关系、机制假设、评价指标、约束和验收要求,消融条件、待验证组件、保持不变项和预期比较关系；验收要点：每个待验证组件均对应明确消融条件和比较指标。,不执行消融实验，不对尚未产生的结果作贡献结论。,研究方案
50,req_004,实验设计,sub_050,设计重复实验,规定独立重复、交叉验证、随机种子和结果聚合要求，以估计随机变异并支持复现。,实验单位、方差来源、实验流程、资源约束、稳定性要求和统计计划,重复类型、重复次数、重复单位、随机种子原则和聚合规则；验收要点：重复设置能够覆盖主要随机性来源且与统计分析计划一致。,不运行重复实验，不生成实际指标或调度任务。,研究方案
51,req_004,实验设计,sub_051,设计超参数调优协议,规定超参数空间、搜索方法、搜索预算、验证数据、选择规则和公平调优条件。,研究方法、候选超参数、验证指标、数据划分、搜索预算和公平性要求,超参数空间、搜索策略、预算、验证数据、选择规则和信息隔离要求；验收要点：不同方法的调优机会可比较，测试数据不参与选择。,不执行调参，不依据测试集结果选择参数，不实现搜索代码。,研究方案
52,req_004,实验设计,sub_052,定义评价指标,在尚无既定口径时规定任务特定的衡量指标及计算规则。,需要确立边界的评价指标、使用目的、已有依据、数据范围和约束,具有名称、含义、边界、公式或计算规则、方向和适用数据范围的评价指标定义；验收要点：异常值、缺失值和不可计算情形有明确处理规则。,不从现成候选指标中选型或实现代码。,研究方案
53,req_004,实验设计,sub_053,定义研究验收标准,规定研究任务或实验交付被视为完成和合格的可观察条件。,研究目标、评价指标、交付要求、风险、约束和验收用途,验收项、判定数据、阈值或规则以及通过或不通过条件；验收要点：每项标准均可由指定数据、测试或产物作出判断。,不替代评价指标本身，不以必须获得正向科学结论作为完成条件。,研究方案
54,req_004,实验设计,sub_054,设计稳健性实验,规定在噪声、扰动、缺失、分布变化或运行变化下检验结论稳定性的实验条件。,主要实验设计、已知扰动、风险场景、稳健性目标、资源约束和评价指标,扰动类型、强度、实验条件、保持不变项、比较指标和失败判据；验收要点：扰动覆盖主要预期风险且不改变非目标因素。,不执行稳健性实验，不等同于关键参数敏感性分析。,研究方案
55,req_004,实验设计,sub_055,设计敏感性分析,规定改变关键参数、假设或分析选择时检查研究结论变化的方式。,关键参数、模型假设、分析选择、合理变化范围和主要评价结果,敏感参数、变化范围、分析组合、比较规则和稳定性判断条件；验收要点：覆盖可能实质影响结论的参数和假设。,不执行分析，不通过任意调整参数追求预期结论。,研究方案
56,req_004,实验设计,sub_056,设计实验流程,规定实验对象、变量操作、运行步骤和数据记录流程。,实验目标、实验对象、变量、处理和对照条件、评价要求、约束和验收要求,从输入到输出可复现的实验流程、步骤关系、关键记录点和完成条件；验收要点：关键变量、版本、输入、输出和记录点完整。,不设计比较对照或消融项，不执行流程。,研究方案
57,req_004,实验设计,sub_057,设计实验记录规范,规定实验配置、版本、随机种子、日志、检查点、中间产物和结果的记录要求。,实验流程、复现要求、审计要求、产物类型和存储约束,必记字段、标识规则、记录时机、保存对象、关联关系和保留要求；验收要点：一次运行可由记录唯一识别并关联到代码、数据、配置和产物版本。,不实际记录运行数据，不配置日志系统，不打包研究资产。,研究方案
58,req_004,实验设计,sub_058,设计实验停止规则,规定实验正常完成、无效运行、安全风险、资源超限和提前停止的判定条件。,实验目标、流程、资源上限、安全要求、统计规则、失败条件和验收要求,停止条件、触发数据、判定方式、停止后状态和禁止继续条件；验收要点：停止规则可在实验前判定，且不依赖是否出现期望结果。,不实际终止实验，不根据结果方向任意停止。,研究方案
59,req_004,实验设计,sub_059,识别实验有效性风险,识别实验设计中的构念偏差、选择偏差、混杂、数据泄漏、测量偏差和统计风险。,完整实验设计、变量关系、数据流程、评价规则、统计计划和风险分类标准,有效性风险、影响环节、触发条件、潜在后果和已有控制措施；验收要点：覆盖内部、构念、统计结论和外部有效性风险。,不执行风险修复，不分析实际实验结果。,研究方案
60,req_004,实验设计,sub_060,评估实验设计可行性,根据数据、资源、权限、伦理和时间条件判断实验设计能否按预期实施。,实验设计、资源估算、数据条件、实现条件、权限、伦理要求和时间约束,可行、条件可行或不可行的判断，成立条件、主要阻碍和关键未知项；验收要点：每项判断对应具体设计组成和约束证据。,不重新估算资源，不选择抽象研究方法，不执行实验。,研究方案
61,req_004,实验设计,sub_061,核验实验设计,检查研究问题、假设、变量、对照、流程、指标、统计计划和记录规则是否完整且内部一致。,完整实验设计、研究问题、研究假设、核验标准和约束,核验结论、缺失项、冲突、泄漏路径和修订建议；验收要点：每个假设均有对应实验条件、指标和分析方法，流程不存在未满足的前置条件。,不执行实验，不依据结果偏好改变核验标准。,研究方案
62,req_004,实验设计,sub_062,撰写实验设计文档,将目标、对象、变量、随机化、对照、消融、流程、指标、统计、记录和停止规则组织成可审阅协议。,已核验的实验设计、设计依据、适用范围、约束和目标受众,可审阅、可执行、可追溯的实验设计文档；验收要点：设计要素完整，术语一致，并能从研究问题追溯到实验与评价规则。,不扩展为项目排期、资源采购方案、代码实现或实验运行日志。,研究方案
63,req_005,环境配置,sub_063,配置GPU服务器环境,配置可访问的GPU计算实例及其系统级运行条件。,可配置的计算环境、参数要求、目标状态和约束,达到目标参数状态且可复现的计算环境和配置记录；验收要点：实例规格符合要求，GPU驱动和设备可被系统正确识别。,不安装项目依赖。,环境
64,req_005,环境配置,sub_064,安装项目环境依赖,按项目要求安装语言运行时和依赖包。,可配置的计算环境、参数要求、目标状态和约束,达到目标参数状态且可复现的计算环境和配置记录；验收要点：依赖清单中的组件均可导入或调用，安装过程可复现。,不处理版本冲突。,环境
65,req_005,环境配置,sub_065,修复环境依赖冲突,根据已确认的冲突原因调整依赖版本或环境配置，恢复目标入口的可运行状态。,已定位的依赖冲突、目标版本约束、当前环境和验证入口,冲突解除的环境、依赖变更记录和入口通过证据,不负责定位未知冲突，不新增业务代码。,环境
66,req_005,环境配置,sub_066,构建运行容器,将系统依赖、项目依赖和启动方式固化为容器构建定义。,既定规格、接口约束、验收条件和可用实现环境,符合规格且可执行、可调用或可操作的计算环境实例；验收要点：容器可从干净环境构建，并通过同一入口产生一致的基础运行结果。,不负责调度容器。,环境
67,req_005,环境配置,sub_067,诊断环境依赖冲突,根据依赖清单、版本约束和失败日志，定位包、运行时或系统库的版本冲突原因。,依赖清单、锁定文件、运行时版本、错误日志和可复现失败,冲突依赖项、不兼容约束、根因证据和影响范围,只定位原因，不修改依赖版本或环境配置。,环境
68,req_005,环境配置,sub_068,核验计算环境,依据环境规格和检查用例，核验依赖、设备、入口和复现条件是否成立。,计算环境、环境规格、检查用例和预期资源状态,通过或不通过的结论、测试证据、环境差异和问题位置,不修复发现的环境问题，不运行正式实验。,环境
69,req_006,资源获取,sub_069,获取模型资产,下载或导入指定模型权重、配置和必要处理器。,已知来源、目标版本、目标工作空间和完整性要求,工作空间内完整可用的研究资产实例，以及来源和版本记录；验收要点：资产版本正确、文件完整，模型组件清单无缺失。,不负责加载运行。,数据；代码
70,req_006,资源获取,sub_070,检索研究数据源,查找满足研究主题和访问条件的候选数据来源。,检索目标、检索范围、查询条件和允许使用的来源,候选数据清单，以及每项候选的位置、标识和来源记录；验收要点：每个候选源均提供可访问地址、数据范围和来源说明。,不下载或核验数据内容。,文献与外部证据；数据
71,req_006,资源获取,sub_071,获取研究数据,从已确定来源下载或导入研究数据。,已知来源、目标版本、目标工作空间和完整性要求,工作空间内完整可用的数据实例，以及来源和版本记录；验收要点：数据文件完整可读，数量或校验值与来源记录一致。,不执行清洗和质量判断。,数据
72,req_006,资源获取,sub_072,核验研究数据身份,确认所获数据的来源、版本和内容范围符合研究要求。,待核验命题、核验标准、目标范围和可追溯证据,关于数据命题的成立判断、差异清单和可追溯证据；验收要点：来源、版本、规模和关键标识均有可追溯记录。,不评价数据质量。,数据
73,req_006,资源获取,sub_073,获取计算资源,根据资源需求和配额约束，选择并分配可访问的计算资源。,资源需求、候选资源、访问权限、配额和时间约束,已分配且可访问的计算资源、规格和调度记录,不安装项目依赖，不执行正式实验。,环境
74,req_007,数据解析,sub_074,解释数据字段,结合数据文档和样本说明字段的语义、单位和取值编码。,待解释的数据、相关上下文和可用机制证据,对数据意义、关系或机制的解释及对应证据；验收要点：每个关键字段具有来源支持的定义、单位和缺失值约定。,不判断质量。,数据
75,req_007,数据解析,sub_075,解析数据结构,识别数据表、字段、类型、约束和关联结构。,待解析的数据、结构约定和解析范围,数据的显式结构、组成关系或执行关系表示；验收要点：Schema描述覆盖全部实际字段，类型和关联可由数据验证。,不解释字段的科研含义。,数据
76,req_007,数据解析,sub_076,评估数据质量,量化数据的完整性、有效性、一致性和分布异常。,待评估的数据、评价指标或标准、证据和参照基线,按照标准形成的数据程度或优劣判断、指标和证据；验收要点：输出可复算的质量统计及问题记录，并关联受影响数据范围。,不直接修改数据。,数据
77,req_007,数据解析,sub_077,核验数据使用合规性,核对数据获取、处理、再分发和商业使用是否符合许可证或使用条款。,待核验命题、核验标准、目标范围和可追溯证据,关于数据命题的成立判断、差异清单和可追溯证据；验收要点：每个数据源均记录许可证、允许用途和禁止事项，无法确认时明确标记未知。,不执行隐私脱敏。,数据
78,req_007,数据解析,sub_078,评估统计功效,在给定样本量、效应和显著性水平下评估检出目标效应的概率。,待评估的研究方案、评价指标或标准、证据和参照基线,按照标准形成的研究方案程度或优劣判断、指标和证据；验收要点：功效结果可复算，并明确所用效应量、样本量和检验假设。,不替代样本量设计。,研究方案
79,req_008,数据预处理,sub_079,转换数据格式,按实验条件将已有或生成样本组织为具有明确结构的数据集。,待转换的处理数据、转换规则、目标表示和语义保持条件,符合目标表示与转换规则的处理数据和转换记录；验收要点：数据集满足实验所需字段、数量和条件组合，并附构造清单。,不负责训练验证测试划分。,数据
80,req_008,数据预处理,sub_080,脱敏研究数据,删除、替换或泛化能够识别个人或敏感对象的信息。,已有原始数据、变更请求、影响范围和保持条件,满足变更要求且未破坏保持条件的新版原始数据；验收要点：约定敏感字段均被处理，抽查无法从处理结果恢复禁止披露的信息。,不负责合规判断。,数据
81,req_008,数据预处理,sub_081,处理缺失值,识别缺失模式并按明确策略删除、填补或保留缺失值。,含缺失值的数据、字段语义、缺失统计、数据划分和处理策略,缺失值已按策略处理的数据、处理记录及处理前后缺失统计,只处理缺失值及其缺失模式；不处理异常值、重复样本、类别失衡或数据泄漏。,数据
82,req_008,数据预处理,sub_082,处理异常值,依据领域或统计规则识别并处置异常观测。,候选异常观测、异常判定规则、字段语义和处置策略,异常值已按规则处置的数据、异常样本清单及处置记录,只处理按明确规则判定的异常观测；不处理缺失值、重复样本或类别失衡。,数据
83,req_008,数据预处理,sub_083,去除重复样本,按照明确身份或相似度规则识别并去除重复记录。,含候选重复样本的数据、身份或相似度规则及保留策略,去重后的数据、重复组清单及样本保留或删除记录,只处理按身份或相似度规则判定的重复样本；不处理缺失值、异常值或类别失衡。,数据
84,req_008,数据预处理,sub_084,平衡数据类别,通过采样、加权或其他明确策略缓解类别分布失衡。,已有原始数据、变更请求、影响范围和保持条件,满足变更要求且未破坏保持条件的新版原始数据；验收要点：处理前后类别分布可比较，验证集和测试集未被不当重采样。,不生成新的语义样本。,数据
85,req_008,数据预处理,sub_085,增强研究数据,对已有样本施加变换以增加数据的多样性。,生成目标、依据材料、内容要求和约束,符合内容、功能和约束要求的新数据；验收要点：增强映射可追溯，增强样本保持标签或目标约束。,不生成无来源约束的新样本。,数据
86,req_008,数据预处理,sub_086,划分训练验证测试集,按实验协议将样本互斥地分配至训练、验证和测试集合。,多个已有数据集、目标结构、顺序、命名和归属规则,具有明确顺序、层次、命名、归属或版本关系的数据集集合；验收要点：比例和分层条件满足要求，样本身份无跨集合重复。确保训练信息没有通过样本、特征、时间或预处理流程泄漏至评测集合。,要求元素共同运作时使用集成；对象边界：不含由实验评价产生的指标和研究结论。,数据
87,req_009,特征工程,sub_087,提取数据特征,按明确算法从原始或处理后数据计算建模特征。,已读取的数据、提取目标和选择条件,符合条件的数据元素、片段或数值及其原始位置；验收要点：特征计算可复现，形状、类型和取值范围符合定义。,不选择特征。,数据
88,req_009,特征工程,sub_088,比较组间特征差异,计算不同研究组在特征上的差异及统计证据。,两个或多个数据、共同维度、统一口径和比较基准,共同维度下的数据差异、相同点、证据和适用条件；验收要点：组定义、统计量、效应和不确定性可复算。,不执行最终特征筛选。,数据
89,req_009,特征工程,sub_089,去除冗余特征,识别并移除重复表达或高度共线的特征。,候选数据集、选择标准、硬约束和比较证据,被选数据集、选择理由、证据和未选项关键差异；验收要点：冗余判据明确，移除后保留的信息代表项可追溯。,不依据目标相关性筛选。,数据
90,req_009,特征工程,sub_090,筛选有效特征,依据预先规定的预测、稳定性或领域标准保留有用特征。,候选数据集、选择标准、硬约束和比较证据,被选数据集、选择理由、证据和未选项关键差异；验收要点：每个保留或剔除决定均能关联筛选标准和计算结果。,不以冗余为唯一标准。,数据
91,req_009,特征工程,sub_091,筛选差异特征,按预设统计门槛利用组间比较结果选择特征。,候选数据集、选择标准、硬约束和比较证据,被选数据集、选择理由、证据和未选项关键差异；验收要点：筛选结果与门槛、校正方法和比较结果一致。,不重新执行组间统计。,数据
92,req_010,已有仓库代码理解,sub_092,访问代码仓库,定位并取得指定代码仓库及目标版本。,已知目标标识、目标位置以及访问条件,可连接或可打开的代码入口，以及实际访问状态记录；验收要点：仓库、分支或提交与请求一致且文件可读。,不解释代码内容。,代码
93,req_010,已有仓库代码理解,sub_093,解析代码实现,解释代码结构、控制流和数据流。,待解析的代码、结构约定和解析范围,代码的显式结构、组成关系或执行关系表示；验收要点：解释能对应具体文件、符号和调用关系。,不修改代码。,代码
94,req_010,已有仓库代码理解,sub_094,提取核心代码,定位并展示实现指定功能所必需的最小代码范围。,已读取的代码、提取目标和选择条件,符合条件的代码元素、片段或数值及其原始位置；验收要点：片段包含关键入口和依赖位置，且确实实现目标功能。,不改写代码。,代码
95,req_010,已有仓库代码理解,sub_095,核验代码模块,判断指定模块或机制是否在代码中实现。,待核验命题、核验标准、目标范围和可追溯证据,关于源文件命题的成立判断、差异清单和可追溯证据；验收要点：结论引用文件、符号或调用证据；不存在时给出检索范围。,不评价实现完整性。,代码
96,req_010,已有仓库代码理解,sub_096,核验代码完整性,逐项对照方法规格检查整体实现覆盖。,待核验命题、核验标准、目标范围和可追溯证据,关于模块命题的成立判断、差异清单和可追溯证据；验收要点：每项规格标记已实现、部分实现或未实现并附代码证据。,不验证运行正确性。,代码
97,req_011,代码框架设计,sub_097,推导研究方法,从明确理论假设推导算法或模型方案。,设计目标、理论或实践依据、约束和验收要求,包含组成、关系、约束和验收条件的算法定义设计规格；验收要点：设计步骤与理论假设一一对应，推导条件明确。,不负责工程实现。,研究方案
98,req_011,代码框架设计,sub_098,改造研究方法,依据已核验的先进方法重构目标算法方案。,已有研究方法、变更请求、影响范围和保持条件,满足变更要求且未破坏保持条件的新版研究方法；验收要点：借鉴来源、保留部分、改动部分和适配理由明确。,不直接复制实现。,研究方案
99,req_011,代码框架设计,sub_099,实现实验脚手架,建立数据、模型、训练和评估可连接的最小实验框架。,既定规格、接口约束、验收条件和可用实现环境,符合规格且可执行、可调用或可操作的代码实例；验收要点：各入口可调用，最小样本能够贯通全流程。,不执行正式实验。,代码
100,req_011,代码框架设计,sub_100,设计模型架构,规定模型组件、连接关系和张量接口。,设计目标、理论或实践依据、约束和验收要求,包含组成、关系、约束和验收条件的架构设计规格；验收要点：架构图或规格可确定各组件输入输出和形状。,不设计训练损失。,研究方案
101,req_011,代码框架设计,sub_101,设计算法机制,规定算法核心状态、操作和更新规则。,设计目标、理论或实践依据、约束和验收要求,包含组成、关系、约束和验收条件的机制设计规格；验收要点：机制可用伪代码或公式完整执行，无未定义步骤。,不决定软件模块边界。,研究方案
102,req_011,代码框架设计,sub_102,设计损失函数,定义训练目标的计算项、权重和适用样本。,设计目标、理论或实践依据、约束和验收要求,包含组成、关系、约束和验收条件的损失函数设计规格；验收要点：公式、归约方式和边界情况明确且可数值计算。,不实现训练循环。,研究方案
103,req_011,代码框架设计,sub_103,设计代码实现和边界,把论文方法转化为可实施的模块、接口和行为规格，确定组件职责、依赖方向和接口边界。,设计目标、理论或实践依据、约束和验收要求,包含组成、关系、约束和验收条件的代码设计规格；验收要点：规格覆盖输入、输出、状态、依赖和关键算法步骤；每项职责归属唯一，模块依赖无未解释循环。,不编写实现代码。,代码
104,req_011,代码框架设计,sub_104,添加实验观测日志,在指定机制边界添加可观测日志。,已有代码、变更请求、影响范围和保持条件,满足变更要求且未破坏保持条件的新版代码；验收要点：日志在目标条件触发，字段正确且关闭日志不改变输出。,不改变机制计算结果。,代码
105,req_012,算法组件实现,sub_105,实现算法模块,按既定规格实现单一算法模块或研究功能。,既定规格、接口约束、验收条件和可用实现环境,符合规格且可执行、可调用或可操作的代码实例；验收要点：实现满足接口并通过针对该功能的测试。,不负责整体实验评估。,代码
106,req_012,算法组件实现,sub_106,实现算法变体,按给定差异规格实现多个可独立选择的算法变体。,既定规格、接口约束、验收条件和可用实现环境,符合规格且可执行、可调用或可操作的代码实例；验收要点：每个变体与配置一一对应并通过基础运行检查。,不比较性能。,代码
107,req_012,算法组件实现,sub_107,检索可复用开源组件,查找满足接口、许可证和功能要求的开源框架或代码。,检索目标、检索范围、查询条件和允许使用的来源,候选代码清单，以及每项候选的位置、标识和来源记录；验收要点：候选组件有版本、许可证、功能证据和适配差距。,不执行集成。,代码
108,req_012,算法组件实现,sub_108,集成开源组件,把选定开源组件接入现有项目并适配接口。,待连接的多个代码、接口边界和共同运作约束,能够共同运作或形成连贯整体的代码及接口记录；验收要点：目标入口可运行，接口测试通过且原有功能无回归。,不重新选择组件。,代码
109,req_012,算法组件实现,sub_109,核验算法实现等价性,判断不同代码或公式是否在约定条件下实现同一运算。,待核验命题、核验标准、目标范围和可追溯证据,关于源文件命题的成立判断、差异清单和可追溯证据；验收要点：结论给出等价条件、反例检查或数值对照。,不比较性能。,代码
110,req_013,代码更新管理,sub_110,规划代码变更,基于变更目标、现有实现和依赖关系，确定代码修改范围、实施顺序、风险与回退条件。,变更请求、现有代码、接口与依赖关系、保持条件和验收标准,包含受影响文件与模块、修改项、实施顺序、风险、回退条件和验收点的代码变更计划；验收要点：所有修改项均能对应变更目标，关键调用点和回退条件无遗漏。,不直接修改代码，不设计新的研究方法或项目总体架构。,代码
111,req_013,代码更新管理,sub_111,管理代码版本变更,使用版本控制隔离、记录、合并和恢复代码变更，使每项修改可定位、可比较、可回退。,代码仓库、当前分支与提交、待纳入差异、版本管理约定和目标版本,结构清楚的分支、提交、代码差异、合并结果及可用恢复点；验收要点：变更归属和顺序明确，可定位到提交并恢复到指定版本，合并冲突均有处理记录。,不判断代码逻辑是否正确，不负责对外发布研究资产。,代码
112,req_013,代码更新管理,sub_112,修改跨模块代码,为满足同一变更目标，协调修改多个文件或模块并保持接口一致。,现有代码、变更请求、受影响模块与接口、保持条件和验收标准,满足变更要求且接口一致的新版代码；验收要点：相关调用点同步更新，接口契约保持一致，构建和集成检查通过。,不负责设计项目总体架构或新的研究方法；纯结构调整优先归入重构，已定位缺陷的纠正归实验修复。,代码
113,req_013,代码更新管理,sub_113,重构代码,在保持约定外部行为和语义不变的前提下调整代码内部结构。,现有代码、结构问题、接口契约和必须保持的外部行为,结构得到改善且外部行为不变的新版代码、重构映射和回归证据；验收要点：重构前后同一回归测试集结果一致。,不增加主要能力，不改变研究方法，不以修复故障或提升性能指标为主要目标。,代码
114,req_013,代码更新管理,sub_114,核验代码修改,依据变更目标、代码差异、接口约束和测试证据，核验代码修改的完整性、正确性及潜在副作用。,变更目标、修改前后代码与差异、接口契约、测试结果和保持条件,通过或不通过结论、遗漏修改、潜在副作用及可追溯证据；验收要点：每项结论均能关联到具体差异、测试或可复现风险路径。,不直接实施修复，不评价研究方法的性能，不运行正式实验。,代码
115,req_014,代码测试,sub_115,编写单元测试,针对单个函数或模块设计并实现隔离测试，覆盖正常、边界和错误输入。,单个函数或模块、接口规格、预期行为、依赖隔离要求以及正常、边界和错误输入,可执行的单元测试、测试夹具或模拟对象、断言及执行结果；验收要点：关键分支和正常、边界、错误输入均有可重复断言。,只验证隔离的函数或模块，不覆盖模块协作或完整工作流，不修复被测代码。,代码
116,req_014,代码测试,sub_116,编写集成测试,针对多个模块的接口、数据传递和协同行为设计并实现集成测试。,待协作模块、接口契约、数据流、外部依赖、关键成功路径和失败路径,可执行的集成测试、接口与数据流断言及执行结果；验收要点：关键模块组合、接口契约和主要失败路径均被覆盖。,不替代函数级单元测试或完整工作流验收，不修复被测代码。,代码
117,req_014,代码测试,sub_117,编写端到端测试,从真实代码入口到最终产物设计并实现完整工作流测试。,系统入口、代表性工作流场景、运行环境、输入样本和最终产物要求,可执行的端到端测试、场景设置、最终产物断言及执行结果；验收要点：主要用户路径能够从入口运行至产物并满足最终断言。,不替代函数级或接口级定位，不评价方法性能，不修复被测代码。,代码
118,req_014,代码测试,sub_118,执行回归测试,在代码修改前后运行已建立的测试集合，核验原有关键行为是否保持。,修改后的代码、基线版本、回归测试集、基线结果和必须保持的行为,修改前后测试对照、通过或失败明细和回归判断；验收要点：原先通过的关键用例仍通过，新增失败均有可定位的用例和差异证据。,不诊断失败根因，不修复代码，不替代正式实验的性能和科学结论核验。,代码
119,req_015,方法评估,sub_119,选择实验评价指标,根据研究目标、任务特性和评价约束，从已有指标中选择适用的实验评价指标。,研究目标、待评估方法、候选指标、数据特性、评价约束和指标适用证据,选定指标、选择理由、指标方向、适用条件和局限；验收要点：每个研究目标均有对应指标，选择依据可追溯且满足硬约束。,不定义新的评价指标，不实现指标代码，不依据结果选择优胜方法。,研究方案
120,req_015,方法评估,sub_120,设计方法评估协议,规定不同方法共享的数据、预处理、预算、随机性控制、评价指标和评价过程。,待评估方法、选定指标、数据与划分、计算预算、控制变量和公平性约束,包含数据、预处理、预算、随机性、指标计算和异常处理规则的评价协议；验收要点：除目标变量外的比较条件一致，所有例外均有记录。,不生成可执行实验配置，不运行实验，不比较或解释实验结果。,研究方案
121,req_015,方法评估,sub_121,实现实验评价指标,按照已经定义的指标口径和接口要求实现可执行的指标计算代码。,指标定义与公式、输入输出契约、参考实现或已知样例以及边界情况处理规则,可执行的指标实现、测试用例和参考对照结果；验收要点：已知样例与参考实现一致，边界输入处理符合指标定义。,不负责指标定义或选择，不判断待评估方法的性能优劣。,代码
122,req_015,方法评估,sub_122,配置对照实验,依据已确定的对照设计和评估协议，将实验组、对照组和保持不变项编码为可执行配置矩阵。,既定对照设计、方法变体、共同数据与预算、评估协议和实验配置Schema,可执行的对照实验配置矩阵和条件清单；验收要点：矩阵无重复或缺失，实验组与对照组仅在目标变量上存在计划内差异。,不重新设计对照条件，不调度或执行实验，不比较实验结果。,实验
123,req_015,方法评估,sub_123,配置跨模型实验,为不同基座模型建立接口一致、公共变量口径一致且可独立运行的评估配置。,目标基座模型、模型接口与资产、统一评估协议、公共参数和资源约束,各基座模型的可执行配置、接口与参数映射以及可比性检查清单；验收要点：每个基座可独立加载，公共变量口径一致，模型特有例外均有记录。,不选择基座模型，不调度或执行实验，不根据结果比较模型优劣。,实验
124,req_016,实验配置,sub_124,总结实验配置,提炼实验配置的继承关系、参数覆盖和最终生效值。,实验配置文件、继承与覆盖规则、命令行参数和运行版本,配置继承关系、参数来源和最终生效值摘要,不解释训练代码逻辑，不修改实验配置。,实验
125,req_016,实验配置,sub_125,总结训练代码,提炼训练代码的入口、关键模块、调用顺序和主要运行逻辑。,训练代码、运行入口、目标功能和分析范围,训练入口、关键模块、调用关系和运行逻辑摘要,不总结配置继承关系或最终生效参数，不修改训练实现。,代码
126,req_016,实验配置,sub_126,配置实验运行,为每次运行固定并记录配置、随机状态和代码环境版本。,可配置的实验配置、参数要求、目标状态和约束,达到目标参数状态且可复现的实验配置和配置记录；验收要点：任一运行可由记录重建，且结果能关联唯一配置快照。,涉及核心行为变化时不使用配置；对象边界：不含抽象实验设计、源代码和最终研究结论。,实验
127,req_017,任务执行调度,sub_127,调度依赖实验,按依赖关系自动提交和推进实验任务。,待运行任务、依赖关系、资源状态和调度约束,满足依赖和资源约束的任务分配、运行顺序及调度记录；验收要点：任务仅在前置成功后启动，失败和跳过状态可追踪。,不执行过程内部步骤；对象边界：不含抽象实验设计、源代码和最终研究结论。,实验
128,req_017,任务执行调度,sub_128,调度分布式实验,规划、配置并启动跨设备训练任务。,待运行任务、依赖关系、资源状态和调度约束,满足依赖和资源约束的任务分配、运行顺序及调度记录；验收要点：进程拓扑和数据并行关系正确，无重复或遗漏工作单元。,不优化模型超参数。,实验
129,req_017,任务执行调度,sub_129,执行实验,按固定代码、数据和配置启动并完成既定实验。,可执行的实验、输入、配置、资源和完成条件,实验运行输出、完成状态、实际配置和必要日志；验收要点：运行状态明确，实际参数与计划配置一致并产生预期产物。,不负责结果记录。,实验
130,req_018,任务管理监控,sub_130,恢复实验运行,从有效Checkpoint恢复同一实验任务。,中断状态、最近有效状态、依赖和继续条件,能够继续运行的运行实例状态、恢复位置和一致性记录；验收要点：恢复点正确，已完成步骤未重复，后续结果连续。,不重建跨阶段研究上下文。,实验
131,req_018,任务管理监控,sub_131,组织模型检查点,保存、标识和轮换可用于恢复模型状态的Checkpoint。,多个已有实验、目标结构、顺序、命名和归属规则,具有明确顺序、层次、命名、归属或版本关系的实验集合；验收要点：Checkpoint完整并关联运行、步骤和配置，能够成功加载。,要求元素共同运作时使用集成；对象边界：不含抽象实验设计、源代码和最终研究结论。,实验
132,req_018,任务管理监控,sub_132,监控实验进度,持续观测实验阶段、完成比例和存活状态。,运行中或持续变化的实验、观测指标、频率和异常阈值,持续更新的实验状态观测、异常事件和时间信息；验收要点：最新状态和更新时间准确，停滞或退出能被检测。,不诊断异常原因。,实验
133,req_018,任务管理监控,sub_133,记录实验指标,将实验产生的原始指标与运行身份持久化关联。,待留痕的日志事件或状态、记录字段、时间和版本上下文,可持久化、可关联版本且可追溯的日志记录；验收要点：指标值、步骤、时间和运行ID完整且可回溯。,不解释指标。,实验
134,req_018,任务管理监控,sub_134,记录实验日志,连续保存实验输出和关键状态日志。,待留痕的日志事件或状态、记录字段、时间和版本上下文,可持久化、可关联版本且可追溯的日志记录；验收要点：日志覆盖运行生命周期，异常退出前内容未丢失。,不解析日志指标。,实验
135,req_018,任务管理监控,sub_135,提取实验日志指标,从日志中结构化提取指定指标。,已读取的实验、提取目标和选择条件,符合条件的实验元素、片段或数值及其原始位置；验收要点：提取值与原始日志逐项一致并保留位置引用。,不判断趋势。,实验
136,req_018,任务管理监控,sub_136,组织实验产物,组织、标识和保留实验输出及非恢复型中间文件。,多个已有实验、目标结构、顺序、命名和归属规则,具有明确顺序、层次、命名、归属或版本关系的实验集合；验收要点：文件能关联运行与生成步骤，保留和清理策略被执行。,要求元素共同运作时使用集成；对象边界：不含抽象实验设计、源代码和最终研究结论。,实验
137,req_019,实验状态诊断,sub_137,描述训练趋势,分析指标随步骤变化的方向、收敛和波动。,可观察的实验及需要描述的属性或状态维度,针对指定维度的实验可观察属性或状态描述；验收要点：趋势结论由时间序列统计或图形证据支持。,不诊断梯度机制。,实验
138,req_019,实验状态诊断,sub_138,核验实验运行状态,依据日志、进程和指标检测实验是否偏离正常条件。,待核验命题、核验标准、目标范围和可追溯证据,关于实验命题的成立判断、差异清单和可追溯证据；验收要点：判断规则明确，异常时定位首次异常时间和证据。,不定位根因。,实验
139,req_019,实验状态诊断,sub_139,比较数据切片性能,按预定义子群分别统计表现并识别集中失败。,两个或多个研究结果、共同维度、统一口径和比较基准,共同维度下的研究结果差异、相同点、证据和适用条件；验收要点：切片规则互斥或重叠关系明确，指标和失败样本可回溯。,不自动作出采用决定；对象边界：不含承载结果的论文版式和原始运行日志。,实验；数据
140,req_019,实验状态诊断,sub_140,比较实验设置影响,在其他条件受控时估计单项设置变化对性能的影响。,两个或多个研究结果、共同维度、统一口径和比较基准,共同维度下的研究结果差异、相同点、证据和适用条件；验收要点：比较组只改变目标设置，并报告效应和不确定性。,不自动作出采用决定；对象边界：不含承载结果的论文版式和原始运行日志。,实验
141,req_019,实验状态诊断,sub_141,诊断方法失败原因,利用bad case判断算法假设或机制为何失效。,可复现异常、日志或观测证据、正常基线和运行条件,导致实验异常的原因候选、证据链、范围和不确定项；验收要点：失败模式与方法机制存在可验证联系。,不诊断代码实现错误。,实验
142,req_019,实验状态诊断,sub_142,诊断实验异常原因,从日志、错误和状态证据定位运行异常的直接根因。,可复现异常、日志或观测证据、正常基线和运行条件,导致实验异常的原因候选、证据链、范围和不确定项；验收要点：根因假设能解释观察现象，并由复现或排除实验支持。,只定位进程、资源、配置或运行时异常；方法假设失效归入诊断方法失败原因，代码实现偏差归入诊断代码缺陷；不实施修复。,实验
143,req_019,实验状态诊断,sub_143,诊断实验性能瓶颈,测量运行时、吞吐和内存资源以定位系统瓶颈。,可复现异常、日志或观测证据、正常基线和运行条件,导致实验异常的原因候选、证据链、范围和不确定项；验收要点：瓶颈判断有Profiler或资源监控证据及可复现实验。,不调整训练目标。,实验
144,req_019,实验状态诊断,sub_144,诊断代码缺陷,利用bad case定位实现偏差或程序错误。,可复现异常、日志或观测证据、正常基线和运行条件,导致代码异常的原因候选、证据链、范围和不确定项；验收要点：失败样本可触发具体代码路径，修正该路径后症状变化。,不评价方法假设。,代码
145,req_019,实验状态诊断,sub_145,推荐实验停止时机,依据预设停止标准建议继续、提前停止或终止实验。,候选实验、使用目标、评价标准和决策权限,具有依据和适用条件的实验优先建议及权限说明；验收要点：建议对应明确阈值、成本或风险证据。,不直接停止任务。,实验
146,req_020,实验修复,sub_146,修复代码缺陷,实施针对已定位根因的最小代码修复。,已确认异常的代码、失败证据、预期状态和已知原因,恢复预期状态的代码及证明异常消失的证据；验收要点：原失败用例转为通过，相关回归测试不退化。,不附带无关重构。,代码
147,req_020,实验修复,sub_147,执行实验重试,按明确抽样方案重新运行失败或不确定实验。,可执行的实验、测试案例或扰动、预期行为和测试环境,预设条件下的实验测试证据、通过状态和失败明细；验收要点：抽样规则、重试次数和对应运行ID完整记录。,不判断重试结果。,实验
148,req_020,实验修复,sub_148,核验实验重试结果,比较原运行与重试运行，判断结果是否稳定或问题是否复现。,待核验命题、核验标准、目标范围和可追溯证据,关于实验命题的成立判断、差异清单和可追溯证据；验收要点：比较口径一致，并给出一致、复现或仍不确定的证据。,输出连续程度或优劣判断时使用评估；对象边界：不含抽象实验设计、源代码和最终研究结论。,实验
149,req_020,实验修复,sub_149,执行检查点回滚,将实验状态恢复到最近可用检查点，包括模型权重、优化器状态、随机状态、数据迭代位置和日志标记。,,,,实验
150,req_020,实验修复,sub_150,评估实验修复方案,在改码前评估拟议修复能否解决已知根因及其风险。,待评估的实验、评价指标或标准、证据和参照基线,按照标准形成的实验程度或优劣判断、指标和证据；验收要点：方案覆盖根因、依赖和回归风险，给出可测试预测。,只判断明确命题是否成立时使用核验；对象边界：不含抽象实验设计、源代码和最终研究结论。,实验
151,req_021,实验调优,sub_151,优化训练配置,基于诊断证据修改训练配置并验证性能变化。,当前实验、基线、目标指标、搜索空间和资源约束,目标指标相对基线得到验证改善的实验及比较证据；验收要点：改动项唯一可追踪，优化效果在同协议下复现。,只设定参数但不验证改进时使用配置；对象边界：不含抽象实验设计、源代码和最终研究结论。,实验
152,req_021,实验调优,sub_152,识别数据污染,检测评测样本或其近重复是否进入训练数据或调参过程。,待检查的Schema、识别标准、范围和必要上下文,Schema识别结果、位置或影响范围及判断证据；验收要点：匹配方法、阈值和命中样本明确，并区分确认与疑似污染。,不说明深层原因且不评价程度；对象边界：不含由实验评价产生的指标和研究结论。,数据
153,req_021,实验调优,sub_153,搜索超参数组合,在给定搜索空间和预算内运行并比较超参数组合。,当前实验、基线、目标指标、搜索空间和资源约束,目标指标相对基线得到验证改善的实验及比较证据；验收要点：搜索覆盖和预算可追踪，最优配置按预设指标产生。,只设定参数但不验证改进时使用配置；对象边界：不含抽象实验设计、源代码和最终研究结论。,实验
154,req_021,实验调优,sub_154,执行消融实验,按已设计条件运行组件移除、替换或关闭实验。,可执行的实验、测试案例或扰动、预期行为和测试环境,预设条件下的实验测试证据、通过状态和失败明细；验收要点：运行覆盖全部消融条件，非目标条件保持一致。,不解释贡献。,实验
155,req_021,实验调优,sub_155,识别可调参数与信号,从当前实验状态、指标曲线、日志和配置中识别学习率、批次大小、正则、架构超参、数据增强、采样策略等可调对象与对应反馈信号。,,,,实验
156,req_022,实验核验,sub_156,执行敏感性分析,系统改变目标参数或输入因素以测量输出变化率。,可执行的实验、测试案例或扰动、预期行为和测试环境,预设条件下的实验测试证据、通过状态和失败明细；验收要点：变化范围和步长明确，敏感性结果可复算。,普通研究过程运行使用执行；对象边界：不含抽象实验设计、源代码和最终研究结论。,实验
157,req_022,实验核验,sub_157,执行鲁棒性测试,施加噪声、缺失或对抗扰动以评估功能稳定性。,可执行的实验、测试案例或扰动、预期行为和测试环境,预设条件下的实验测试证据、通过状态和失败明细；验收要点：扰动定义明确，报告性能保持程度和失效边界。,普通研究过程运行使用执行；对象边界：不含抽象实验设计、源代码和最终研究结论。,实验
158,req_022,实验核验,sub_158,核验实验可复现性,在控制环境和随机状态后重复运行并量化结果一致性。,待核验命题、核验标准、目标范围和可追溯证据,关于实验命题的成立判断、差异清单和可追溯证据；验收要点：报告跨次均值、方差或一致率以及随机状态。,输出连续程度或优劣判断时使用评估；对象边界：不含抽象实验设计、源代码和最终研究结论。,实验
159,req_022,实验核验,sub_159,评估跨数据集泛化,在同领域独立数据集上评估训练方法的迁移表现。,已训练模型、同领域独立数据集、原测试协议、指标和基线,跨数据集评价指标、与原数据集的差异及泛化判断,只评估同领域独立数据集上的迁移表现；跨领域与明确分布外条件分别归入对应能力。,实验
160,req_022,实验核验,sub_160,评估跨领域泛化,在领域定义发生变化的数据上评估方法迁移表现。,已训练模型、源领域与目标领域定义、领域数据、指标和基线,分领域评价指标、跨领域性能变化及泛化判断,只评估领域定义变化条件下的迁移表现；同领域跨数据集与明确分布外条件分别归入对应能力。,实验
161,req_022,实验核验,sub_161,评估分布外泛化,在明确偏离训练分布的样本上评估方法表现。,已训练模型、分布偏移定义、分布内外样本、指标和基线,分布内外评价指标、性能差异及分布外泛化判断,只评估按偏移规则定义的分布外样本表现；同领域跨数据集与跨领域迁移分别归入对应能力。,实验
162,req_023,结果统计,sub_162,计算描述性统计,汇总样本分布、中心趋势和离散程度。,完整输入值、确定公式或算法、单位和计算口径,口径、单位和算法明确且可复算的统计结果计算结果；验收要点：统计量与数据范围和缺失处理口径一致且可复算。,不执行假设检验。,数据
163,req_023,结果统计,sub_163,计算统计检验结果,按预设零假设和统计模型计算检验结果。,完整输入值、确定公式或算法、单位和计算口径,口径、单位和算法明确且可复算的统计结果计算结果；验收要点：检验条件、统计量、显著性和多重校正可复算。,输入或参数不完整只能近似时使用估算；对象边界：不含承载结果的论文版式和原始运行日志。,数据
164,req_023,结果统计,sub_164,计算效应量,量化组间差异或变量关系的实际大小。,完整输入值、确定公式或算法、单位和计算口径,口径、单位和算法明确且可复算的统计结果计算结果；验收要点：效应量类型适配设计并报告方向和尺度。,不估计区间。,数据
165,req_023,结果统计,sub_165,估算结果不确定性,用置信区间、可信区间或重采样区间量化估计不确定性。,待估未知量、可用部分信息、参数假设和不确定性要求,带参数假设、不确定区间和适用范围的统计结果估算结果；验收要点：区间方法、置信水平和假设条件明确且可复算。,输入充分且结果确定时使用计算；对象边界：不含承载结果的论文版式和原始运行日志。,数据
166,req_024,结果比较,sub_166,评估算法变体,在统一协议下计算各已实现变体的评价结果。,待评估的研究结果、评价指标或标准、证据和参照基线,按照标准形成的研究结果程度或优劣判断、指标和证据；验收要点：所有变体使用相同数据、预算和指标。,不做跨变体结论。,实验
167,req_024,结果比较,sub_167,评估基线模型,在统一协议下测量已复现基线的表现。,待评估的研究结果、评价指标或标准、证据和参照基线,按照标准形成的研究结果程度或优劣判断、指标和证据；验收要点：基线结果关联固定配置并通过结果完整性检查。,不负责复现实现。,实验
168,req_024,结果比较,sub_168,比较研究方法,依据统一评价结果比较研究方法并说明差异。,两个或多个研究结果、共同维度、统一口径和比较基准,共同维度下的研究结果差异、相同点、证据和适用条件；验收要点：比较口径一致，结论同时报告效果、成本和不确定性。,不重新计算单项结果。,实验；研究方案
169,req_025,结果解释,sub_169,解释模型决策机制,用可验证分析说明特定预测或决策的影响因素。,待解释的发现、相关上下文和可用机制证据,对发现意义、关系或机制的解释及对应证据；验收要点：解释与模型输入输出或内部测量一致，并通过扰动或对照检查。,不宣称未经验证的因果机制。,科学问题；数据
170,req_025,结果解释,sub_170,核验研究假设,将实验结果与假设的预期及反证条件逐项对照。,待核验命题、核验标准、目标范围和可追溯证据,关于研究结果命题的成立判断、差异清单和可追溯证据；验收要点：每项判断引用具体结果，并允许支持、不支持或证据不足。,输出连续程度或优劣判断时使用评估；对象边界：不含承载结果的论文版式和原始运行日志。,科学问题
171,req_025,结果解释,sub_171,核验研究结论边界,核对结论的对象、条件和强度是否超过现有证据。,待核验命题、核验标准、目标范围和可追溯证据,关于研究结果命题的成立判断、差异清单和可追溯证据；验收要点：发现的越界结论指出缺失证据或不成立的外推步骤。,输出连续程度或优劣判断时使用评估；对象边界：不含承载结果的论文版式和原始运行日志。,科学问题
172,req_025,结果解释,sub_172,报告负面结果,如实记录未达到预期或不支持假设的实验结果。,待披露的研究结果结果或状态、受众、证据和报告要求,面向指定受众的研究结果结果或状态报告及支撑证据；验收要点：负面结果关联完整运行和预设指标，未被选择性省略。,仅为内部追溯保存信息时使用记录；对象边界：不含承载结果的论文版式和原始运行日志。,实验
173,req_025,结果解释,sub_173,识别研究局限,指出研究设计、数据、方法或证据造成的结论限制。,待检查的局限、识别标准、范围和必要上下文,局限识别结果、位置或影响范围及判断证据；验收要点：每项局限对应具体设计事实或缺失证据。,不说明深层原因且不评价程度；对象边界：不含承载结果的论文版式和原始运行日志。,科学问题；研究方案
174,req_025,结果解释,sub_174,界定研究适用范围,说明方法或结论成立的对象、条件和不适用范围。,需要确立边界的适用边界、使用目的、已有依据和约束,具有名称、含义、边界、取值或判定规则的适用边界定义；验收要点：边界由实验覆盖或理论条件支持，外推部分被标记。,不安排实施顺序且不创建具体实现；对象边界：不含承载结果的论文版式和原始运行日志。,科学问题；研究方案
175,req_025,结果解释,sub_175,解释模块贡献,利用已完成的消融结果估计各组件的独立贡献。,待解释的发现、相关上下文和可用机制证据,对发现意义、关系或机制的解释及对应证据；验收要点：贡献结论来自对应受控比较并报告不确定性。,针对异常定位原因时使用诊断；对象边界：不含承载结果的论文版式和原始运行日志。,实验
176,req_026,结果可视化,sub_176,生成结果表格,由结构化结果按固定规则生成论文或报告表格。,已有研究结果、目标格式规范和语义保持要求,符合格式规范且实质语义不变的研究结果；验收要点：表格单元格可回溯原始记录和生成代码。,不改变实质语义或论证内容；对象边界：不含承载结果的论文版式和原始运行日志。,数据
177,req_026,结果可视化,sub_177,可视化研究结果,将研究数据映射为符合分析目的的图形。,待表达的研究结果、视觉任务、受众和编码约束,视觉编码明确、数据可追溯且可复现的研究结果图形或图表；验收要点：数据映射、坐标、单位和图例正确，图可由源数据重建。,不解释结果。,数据
178,req_027,规划论文结构,sub_178,核验论文论证逻辑,检查主张、理由和证据之间的论证链是否完整。,待核验命题、核验标准、目标范围和可追溯证据,关于论文正文命题的成立判断、差异清单和可追溯证据；验收要点：每个主要结论均有前提和证据，逻辑跳步被定位。,输出连续程度或优劣判断时使用评估；对象边界：不含由多个文件和依赖组成的完整交付集合。,论文
179,req_027,规划论文结构,sub_179,规划论文大纲,安排章节目标、论证顺序和内容归属。,研究目标、可用资源、约束、依赖和完成条件,包含步骤、依赖、资源、顺序和完成条件的行动计划；验收要点：研究问题、方法、结果和结论均有唯一主要归属。,不撰写正文。,论文
180,req_028,撰写相关工作,sub_180,撰写相关工作内容,依据已核验来源撰写概念和相关工作。,写作目标、事实材料、受众、结构要求和引用依据,结构、事实、体裁和来源要求明确的论文正文文本；验收要点：关键陈述有匹配来源，并区分原文事实和作者综合。,不编造引用。,论文
181,req_028,撰写相关工作,sub_181,撰写参考文献列表,汇总正文实际引用的文献记录。,写作目标、事实材料、受众、结构要求和引用依据,结构、事实、体裁和来源要求明确的论文正文文本；验收要点：正文引用与列表双向对应且无缺项。,不调整格式样式。,论文
182,req_028,撰写相关工作,sub_182,格式化文献引用,按指定样式统一正文引用和参考文献格式。,已有科研文档、目标格式规范和语义保持要求,符合格式规范且实质语义不变的科研文档；验收要点：字段、顺序和标点符合目标规范。,不核验内容结论。,论文
183,req_029,撰写方法实验章节,sub_183,撰写方法章节,依据实现记录说明研究方法及复现所需细节。,写作目标、事实材料、受众、结构要求和引用依据,结构、事实、体裁和来源要求明确的论文正文文本；验收要点：关键步骤、参数和公式完整且与代码一致。,只压缩来源内容时使用总结；对象边界：不含由多个文件和依赖组成的完整交付集合。,论文
184,req_029,撰写方法实验章节,sub_184,撰写实验设置章节,说明数据、基线、配置、指标和实验协议。,写作目标、事实材料、受众、结构要求和引用依据,结构、事实、体裁和来源要求明确的论文正文文本；验收要点：实验条件完整并可关联实际运行配置。,只压缩来源内容时使用总结；对象边界：不含由多个文件和依赖组成的完整交付集合。,论文
185,req_029,撰写方法实验章节,sub_185,核验方法描述一致性,比较论文方法步骤与实际代码执行流程。,待核验命题、核验标准、目标范围和可追溯证据,关于论文正文命题的成立判断、差异清单和可追溯证据；验收要点：每个关键操作均有代码对应，差异被明确列出。,输出连续程度或优劣判断时使用评估；对象边界：不含由多个文件和依赖组成的完整交付集合。,论文；代码
186,req_029,撰写方法实验章节,sub_186,核验符号实现一致性,比较论文符号、索引和参数与代码变量及运算含义。,待核验命题、核验标准、目标范围和可追溯证据,关于论文正文命题的成立判断、差异清单和可追溯证据；验收要点：关键符号具有唯一代码映射，方向和单位一致。,输出连续程度或优劣判断时使用评估；对象边界：不含由多个文件和依赖组成的完整交付集合。,论文；代码
187,req_029,撰写方法实验章节,sub_187,撰写结果分析内容,客观陈述已核验的实验结果。,写作目标、事实材料、受众、结构要求和引用依据,结构、事实、体裁和来源要求明确的论文正文文本；验收要点：所有数值可追溯，正文与图表一致。,不进行扩展解释。,论文
188,req_029,撰写方法实验章节,sub_188,撰写讨论内容,解释结果意义、局限和可能机制。,写作目标、事实材料、受众、结构要求和引用依据,结构、事实、体裁和来源要求明确的论文正文文本；验收要点：每项解释关联结果或文献并标明推断性质。,不引入无证据结论。,论文
189,req_030,编排图表,sub_189,生成论文表格,将已核验结果组织为论文表格。,生成目标、依据材料、内容要求和约束,符合内容、功能和约束要求的新科研文档；验收要点：单元格、单位、标题和条件与源结果一致。,不重新计算结果。,论文
190,req_030,编排图表,sub_190,注释论文图表,为图表补充可独立理解的标题、条件、单位和缩写说明。,需要说明的局部科研文档、实际含义和注释规范,与实际含义一致、位置明确且不改变核心内容的科研文档注释；验收要点：说明与图表内容一致，必要实验条件无缺失。,改变核心内容或行为时使用修改；对象边界：不含由多个文件和依赖组成的完整交付集合。,论文
191,req_031,论文修订,sub_191,修改学术文本段落,在保持已确认含义的前提下改善段落表达和组织。,已有科研文档、变更请求、影响范围和保持条件,满足变更要求且未破坏保持条件的新版科研文档；验收要点：语义未漂移，语言和段落结构符合学术语体。,符合重构修复优化或格式化条件时优先使用相应类型；对象边界：不含由多个文件和依赖组成的完整交付集合。,论文
192,req_031,论文修订,sub_192,整合外部证据,把已核验的外部证据放入其实际支持的主张附近。,待连接的多个科研文档、接口边界和共同运作约束,能够共同运作或形成连贯整体的科研文档及接口记录；验收要点：证据与主张匹配，引用位置和限定条件正确。,只改变排列归属时使用组织；对象边界：不含由多个文件和依赖组成的完整交付集合。,论文
193,req_031,论文修订,sub_193,修改论文篇幅,在不损失关键事实和逻辑的情况下满足字数限制。,已有科研文档、变更请求、影响范围和保持条件,满足变更要求且未破坏保持条件的新版科研文档；验收要点：最终字数合规，核心主张和必要证据仍完整。,符合重构修复优化或格式化条件时优先使用相应类型；对象边界：不含由多个文件和依赖组成的完整交付集合。,论文
194,req_031,论文修订,sub_194,补充事实内容,识别文稿缺失的必要事实并用可核验来源补充。,待连接的多个科研文档、接口边界和共同运作约束,能够共同运作或形成连贯整体的科研文档及接口记录；验收要点：新增事实有来源且填补明确内容缺口。,只改变排列归属时使用组织；对象边界：不含由多个文件和依赖组成的完整交付集合。,论文
195,req_031,论文修订,sub_195,合并论文修改,将已确认修改应用到主文档而不遗漏或覆盖无关内容。,待连接的多个科研文档、接口边界和共同运作约束,能够共同运作或形成连贯整体的科研文档及接口记录；验收要点：修改清单逐项落地，未修改区域保持不变。,只改变排列归属时使用组织；对象边界：不含由多个文件和依赖组成的完整交付集合。,论文
196,req_031,论文修订,sub_196,协调论文章节,调整重复内容的主要归属和交叉引用。,多个已有论文正文、目标结构、顺序、命名和归属规则,具有明确顺序、层次、命名、归属或版本关系的论文正文集合；验收要点：同一论点不被无必要重复，章节衔接可理解。,不删除独有信息。,论文
197,req_031,论文修订,sub_197,核验论文交叉引用,检查文内编号和交叉引用指向正确对象。,待核验命题、核验标准、目标范围和可追溯证据,关于论文正文命题的成立判断、差异清单和可追溯证据；验收要点：所有引用可解析，无缺号、重号或错误目标。,输出连续程度或优劣判断时使用评估；对象边界：不含由多个文件和依赖组成的完整交付集合。,论文
198,req_031,论文修订,sub_198,核验结果陈述一致性,交叉检查展示内容和文字陈述是否与原始结果一致。,待核验命题、核验标准、目标范围和可追溯证据,关于论文正文命题的成立判断、差异清单和可追溯证据；验收要点：每项数值和排序均可回溯，差异有问题清单。,输出连续程度或优劣判断时使用评估；对象边界：不含由多个文件和依赖组成的完整交付集合。,论文；数据
199,req_031,论文修订,sub_199,核验研究证据链,记录结论与支持实验、运行、代码版本和数据版本的关联。,待核验命题、核验标准、目标范围和可追溯证据,关于论文正文命题的成立判断、差异清单和可追溯证据；验收要点：任一结论可双向追溯至完整证据，排除证据也被记录。,输出连续程度或优劣判断时使用评估；对象边界：不含由多个文件和依赖组成的完整交付集合。,论文；实验；代码；数据
200,req_032,回应审稿意见,sub_200,修订评审相关内容,依据评审意见和可用证据，修改评审意见直接涉及的论文内容并记录处理位置。,评审意见、当前论文、相关证据和修改约束,完成修改的论文、意见—修改映射、修改位置和处理状态,只修改评审意见直接涉及的论文内容并记录处理位置；不撰写独立逐项回复，不修改与评审无关的内容。,论文
201,req_032,回应审稿意见,sub_201,撰写评审回复,针对审稿质疑撰写有证据的逐点答复。,写作目标、事实材料、受众、结构要求和引用依据,结构、事实、体裁和来源要求明确的Rebuttal文本；验收要点：答复覆盖全部问题，引用修改位置或新增证据。,只压缩来源内容时使用总结；对象边界：不含由多个文件和依赖组成的完整交付集合。,论文
202,req_033,成果发布,sub_202,核验投稿格式,检查版式、匿名、篇幅和文件规范。,待核验命题、核验标准、目标范围和可追溯证据,关于论文正文命题的成立判断、差异清单和可追溯证据；验收要点：目标渠道的格式检查项逐项通过。,不评价研究内容。,论文
203,req_033,成果发布,sub_203,整理投稿材料,按投稿要求组织主文、附录、声明和补充文件。,多个已有研究资产、目标结构、顺序、命名和归属规则,具有明确顺序、层次、命名、归属或版本关系的研究资产集合；验收要点：文件清单完整、命名正确且引用关系有效。,要求元素共同运作时使用集成；对象边界：单篇内容性文档仍归入科研文档。,论文
204,req_033,成果发布,sub_204,撰写研究复现文档,说明从环境准备到结果重现的可执行步骤。,写作目标、事实材料、受众、结构要求和引用依据,结构、事实、体裁和来源要求明确的复现文档文本；验收要点：独立执行者可按文档产生约定结果。,只压缩来源内容时使用总结；对象边界：不含由多个文件和依赖组成的完整交付集合。,研究方案；环境；代码；实验
205,req_033,成果发布,sub_205,撰写研究资产说明,按资产类型记录数据集、模型或实验的用途、来源、限制、评价和风险。,已核验的研究资产、资产类型、用途、来源、评价结果、限制、风险和说明模板,包含用途、来源、适用范围、评价、限制和风险的研究资产说明卡,只撰写与研究资产事实一致的说明卡；不编造用途、评价或风险信息，不打包或发布资产。,数据；代码；实验
206,req_033,成果发布,sub_206,打包研究资产,将代码、配置和必要资产组织为自包含发布包。,已完成的投稿包组成元素、依赖、元数据、入口和完整性要求,组成完整、入口明确、依赖和版本可追溯的投稿包交付集合；验收要点：包内容完整，通过离线完整性和复现入口检查。,不执行发布。,代码；数据；环境；实验
207,req_033,成果发布,sub_207,发布研究资产,将已验证Artifact上传到指定渠道并建立版本记录。,已核验的模型权重、目标渠道、版本、许可证和发布权限,目标渠道中可访问的模型权重版本、版本标识和发布记录；验收要点：发布物可下载，校验值、版本和许可明确。,不负责发布前内容构造和打包；对象边界：单篇内容性文档仍归入科研文档。,数据；代码；实验；论文
208,req_033,成果发布,sub_208,核验研究资产,测试研究资产的入口，核验其组成完整性、可复现性、版本和许可要求。,研究资产、组成清单、复现入口、版本、许可和核验标准,测试证据、完整性与可复现性结论、缺失项和合规风险,不修改、打包或发布研究资产。,代码；数据；环境；实验
209,req_034,进度管理,sub_209,协调并行实验,安排并行实验的资源、命名和产物隔离。,并行行动、参与主体、依赖、资源和冲突规则,依赖满足、资源冲突得到处理的联合安排及状态记录；验收要点：任务无资源超配，运行ID和输出目录不互相覆盖。,只分配时间资源时使用调度；对象边界：不含单个实验实例及其内部运行状态。,研究方案；实验；环境
210,req_034,进度管理,sub_210,维护研究任务依赖,记录研究任务之间的前置和阻塞关系。,需要持续成立的研究项目状态、检查周期和偏差规则,研究项目在指定期间持续有效的状态证据和偏差记录；验收要点：依赖图无未解释循环，任务启动条件可判定。,不更新执行状态。,研究方案
211,req_034,进度管理,sub_211,监控研究任务,记录任务待处理、进行中、完成、失败或阻塞状态。,运行中或持续变化的研究项目、观测指标、频率和异常阈值,持续更新的研究项目状态观测、异常事件和时间信息；验收要点：每次状态变化有时间和证据，状态与实际产物一致。,不执行任务。,研究方案
212,req_034,进度管理,sub_212,规划研究任务,根据研究目标、现有状态和约束，将项目拆分为具有依赖、产物和完成条件的任务。,研究目标、现有项目状态、约束、资源和里程碑,任务分解、依赖、产物、优先级和完成条件,不执行具体科研任务，不替代研究方案设计。,研究方案
213,req_035,连续性维护,sub_213,恢复研究项目状态,重建跨阶段工作状态并继续未完成流程。,中断状态、最近有效状态、依赖和继续条件,能够继续运行的研究项目状态、恢复位置和一致性记录；验收要点：代码、环境、实验和分析版本一致，已完成工作不重复或丢失。,不同于单个实验Checkpoint恢复。,研究方案；环境；数据；代码；实验；论文
214,req_035,连续性维护,sub_214,维持研究上下文,跨多轮和长时间执行持续使用已确认目标与约束。,需要持续成立的研究项目状态、检查周期和偏差规则,研究项目在指定期间持续有效的状态证据和偏差记录；验收要点：后续行动不违反有效约束，变更均能追溯到用户确认。,一次性纠正偏差使用相应的变更操作；对象边界：不含单个实验实例及其内部运行状态。,研究方案；科学问题；文献与外部证据；环境；数据；代码；实验；论文
215,req_036,风险管理,sub_215,请求研究确认,在不可逆、高成本或会改变研究方向的决策前请求授权。,待沟通事项、已知信息、沟通对象和决策边界,获得的补充信息、确认结果或明确记录的未决事项；验收要点：确认发生在动作前，问题明确包含选项、影响和目标对象。,同时要求改变其他目标时拆出相应操作；对象边界：不含单个实验实例及其内部运行状态。,研究方案；科学问题；文献与外部证据；环境；数据；代码；实验；论文
216,req_036,风险管理,sub_216,核验高风险操作权限,在操作前验证授权主体、目标和允许范围。,待核验命题、核验标准、目标范围和可追溯证据,关于权限命题的成立判断、差异清单和可追溯证据；验收要点：授权记录明确覆盖即将执行的具体动作和对象。,不设计恢复方案。,研究方案；文献与外部证据；环境；数据；代码；实验；论文
217,req_036,风险管理,sub_217,规划高风险操作回滚,为高风险操作准备可执行的状态恢复步骤。,研究目标、可用资源、约束、依赖和完成条件,包含步骤、依赖、资源、顺序和完成条件的行动计划；验收要点：回滚入口、备份、步骤和验证方法均在操作前测试或核对。,不代表已获得授权。,研究方案；环境；数据；代码；实验；论文
